Student number;File Number;M_x;M_y;Std_x;Std_y;r;b;A;SSE;Output_1;Output_2;Output_3;Output_4;Output_5
216324181;59;247.5;50.07;144.87087353916246;29.188783804742528;0.9980892970402611;0.20109641087558017;0.2986383082939099;325.2670489342026;15.783061945713582;35.49051021152044;95.81943347419448;3.717277293178773;2.1085060061741316